id	first_name	last_name	email	gender	ip_address
1	Barby	Josofovitz	bjosofovitz0@nydailynews.com	Female	185.233.147.221
2	Herbert	Lowdham	hlowdham1@webnode.com	Male	153.53.122.92
3	Lodovico	Skeels	lskeels2@blog.com	Male	175.80.239.6
4	Eustacia	Gillise	egillise3@eepurl.com	Female	238.223.135.226
5	Agata	Shirlaw	ashirlaw4@mtv.com	Female	219.162.213.53
6	Luce	Jurkowski	ljurkowski5@mayoclinic.com	Male	212.83.83.118
7	L;urette	Cushelly	lcushelly6@chicagotribune.com	Female	178.5.129.183
8	Anna-maria	Fillan	afillan7@wiley.com	Female	133.188.17.60
9	Benedikta	Cockle	bcockle8@yelp.com	Female	69.203.157.70
10	Stanley	Knowlys	sknowlys9@histats.com	Male	198.179.215.70
11	Dusty	Watson-Brown	dwatsonbrowna@nature.com	Female	35.51.240.110
12	Ogdan	Horley	ohorleyb@google.ca	Male	35.162.106.102
13	Marlon	Shimony	mshimonyc@state.gov	Male	174.219.145.183
14	Gare	Puttock	gputtockd@wp.com	Male	85.87.159.244
15	Dena	Woolgar	dwoolgare@ow.ly	Female	200.164.38.94
16	Cassy	Wingeatt	cwingeattf@phoca.cz	Female	249.246.195.210
17	Renaud	Marzelo	rmarzelog@buzzfeed.com	Male	54.73.86.202
18	Grissel	Sutton	gsuttonh@jugem.jp	Female	141.48.17.191
19	Idette	Gauld	igauldi@free.fr	Female	213.236.238.182
20	Jen	Brice	jbricej@lulu.com	Female	177.13.55.83
21	Benson	Margetts	bmargettsk@acquirethisname.com	Male	117.102.4.58
22	Alvin	Kitchingman	akitchingmanl@weather.com	Male	34.161.131.126
23	Becki	MacKibbon	bmackibbonm@who.int	Female	127.51.56.25
24	Sky	Conant	sconantn@acquirethisname.com	Male	161.34.43.1
25	Twyla	Barnson	tbarnsono@prweb.com	Female	221.7.215.201
26	Brantley	Sturch	bsturchp@mac.com	Male	195.194.238.28
27	Mona	Nudde	mnuddeq@amazon.com	Female	108.205.108.48
28	Edouard	Flattman	eflattmanr@apache.org	Male	164.116.28.72
29	Melodee	Pashbee	mpashbees@zdnet.com	Female	253.117.33.41
30	Corty	Feldheim	cfeldheimt@statcounter.com	Male	128.97.215.35
31	Dexter	Fosdick	dfosdicku@pen.io	Male	235.54.178.239
32	Happy	Scatcher	hscatcherv@netscape.com	Female	24.216.21.129
33	Edeline	Weeks	eweeksw@addthis.com	Female	231.250.255.235
34	Kylila	Damrel	kdamrelx@fc2.com	Female	223.84.141.132
35	Andrea	Adshad	aadshady@apache.org	Female	225.109.195.247
36	Curry	Surby	csurbyz@apache.org	Male	62.116.95.169
37	Annabelle	Tipling	atipling10@utexas.edu	Female	254.224.51.67
38	Lindy	Marron	lmarron11@shutterfly.com	Female	49.66.6.8
39	Cal	Biermatowicz	cbiermatowicz12@google.com	Male	79.115.41.246
40	Euphemia	Banbury	ebanbury13@engadget.com	Female	0.164.74.162
41	Nick	Kayes	nkayes14@google.com.au	Male	24.206.219.36
42	Ara	Hexham	ahexham15@patch.com	Female	160.249.93.155
43	Gearard	Clissell	gclissell16@businesswire.com	Male	17.120.184.24
44	Judah	Jeves	jjeves17@nydailynews.com	Male	217.94.206.184
45	Hayes	Scruton	hscruton18@cbslocal.com	Male	31.83.200.231
46	Karee	MacRitchie	kmacritchie19@mediafire.com	Female	131.35.158.17
47	Erica	Simpson	esimpson1a@ted.com	Female	145.71.181.177
48	Phillie	Benardeau	pbenardeau1b@bloomberg.com	Female	133.67.94.17
49	Kennett	Molan	kmolan1c@merriam-webster.com	Male	149.30.114.221
50	Ranee	MacClenan	rmacclenan1d@thetimes.co.uk	Female	129.6.73.182
51	Jedd	Killoran	jkilloran1e@unblog.fr	Male	235.108.138.246
52	Birch	Grosier	bgrosier1f@nature.com	Male	99.169.100.42
53	Marcello	Daile	mdaile1g@hp.com	Male	66.254.103.228
54	Rick	Maud	rmaud1h@google.co.uk	Male	140.224.96.97
55	Tedman	Janusik	tjanusik1i@angelfire.com	Male	85.64.20.124
56	Carole	Heams	cheams1j@usnews.com	Female	193.253.57.63
57	Bunnie	Greenrodd	bgreenrodd1k@msn.com	Female	7.173.121.135
58	Augusta	Charke	acharke1l@clickbank.net	Female	14.191.91.95
59	Anstice	Jone	ajone1m@4shared.com	Female	150.229.116.93
60	Taber	Layland	tlayland1n@oakley.com	Male	17.232.191.8
61	Jdavie	Smedley	jsmedley1o@arizona.edu	Male	31.245.92.14
62	Elisa	Cockerton	ecockerton1p@gizmodo.com	Female	73.39.244.54
63	Sibyl	Waber	swaber1q@behance.net	Male	238.24.21.126
64	Hattie	Derrington	hderrington1r@nhs.uk	Female	84.228.86.232
65	Olva	Tezure	otezure1s@goo.gl	Female	69.112.106.184
66	Byrann	Kiera	bkiera1t@springer.com	Male	181.95.213.85
67	Friederike	Yesinin	fyesinin1u@mozilla.org	Female	188.116.60.71
68	Codie	Gansbuhler	cgansbuhler1v@phpbb.com	Male	69.209.96.180
69	Melitta	Van Arsdale	mvanarsdale1w@nationalgeographic.com	Female	221.167.70.67
70	Verne	Alpine	valpine1x@weibo.com	Male	137.77.4.145
71	Rad	Kells	rkells1y@gov.uk	Male	255.209.16.27
72	Steven	Daniaud	sdaniaud1z@yahoo.co.jp	Male	189.47.100.110
73	Balduin	Orteu	borteu20@amazon.com	Male	99.76.241.191
74	Isadora	Anand	ianand21@whitehouse.gov	Female	115.142.30.140
75	Beniamino	Bewlie	bbewlie22@blogs.com	Male	230.5.119.3
76	Allsun	Joder	ajoder23@mozilla.org	Female	66.143.152.198
77	Donna	Wipfler	dwipfler24@de.vu	Female	225.219.224.130
78	Rheta	Pain	rpain25@auda.org.au	Female	219.181.33.19
79	Kala	Leigh	kleigh26@addtoany.com	Female	61.52.174.189
80	Minor	Charlewood	mcharlewood27@posterous.com	Male	216.204.166.191
81	Tabbitha	Crickmoor	tcrickmoor28@prweb.com	Female	153.61.242.111
82	Reed	Laidlow	rlaidlow29@bbc.co.uk	Male	86.243.30.80
83	Hazlett	Beers	hbeers2a@deviantart.com	Male	136.57.227.4
84	Berenice	Davidovits	bdavidovits2b@godaddy.com	Female	8.103.117.219
85	Nealon	Rowan	nrowan2c@pcworld.com	Male	211.205.145.224
86	Amaleta	McDuff	amcduff2d@aboutads.info	Female	250.55.173.51
87	Lorelei	Paulich	lpaulich2e@posterous.com	Female	119.210.218.56
88	Sharlene	Jeannon	sjeannon2f@pagesperso-orange.fr	Female	195.50.227.87
89	Moira	Shill	mshill2g@xrea.com	Female	233.111.12.89
90	Pammy	Hiley	philey2h@noaa.gov	Female	106.198.5.145
91	Roz	Lashford	rlashford2i@myspace.com	Female	204.117.212.240
92	Dannie	Scotti	dscotti2j@ibm.com	Male	116.160.29.248
93	Chuck	Matley	cmatley2k@fotki.com	Male	120.34.54.233
94	Minerva	Bidewel	mbidewel2l@printfriendly.com	Female	9.88.108.115
95	Kaine	Jamieson	kjamieson2m@gov.uk	Male	241.66.95.169
96	Alfi	Fishbourne	afishbourne2n@barnesandnoble.com	Female	221.42.146.96
97	Jordon	Ferie	jferie2o@sun.com	Male	115.178.17.123
98	Dillon	Amburgy	damburgy2p@fastcompany.com	Male	8.175.163.241
99	Karlie	Copin	kcopin2q@auda.org.au	Female	8.170.68.180
100	Deane	Woolmore	dwoolmore2r@pagesperso-orange.fr	Female	227.54.238.144
101	Ollie	Bitchener	obitchener2s@canalblog.com	Male	114.104.0.49
102	Ardeen	Yakhin	ayakhin2t@edublogs.org	Female	112.38.38.45
103	Jo-anne	Norcock	jnorcock2u@liveinternet.ru	Female	25.52.14.87
104	Ulla	Raiston	uraiston2v@timesonline.co.uk	Female	196.112.36.142
105	Pearce	McCleary	pmccleary2w@elpais.com	Male	28.70.42.124
106	Shayla	Athy	sathy2x@prweb.com	Female	113.239.6.21
107	Almeda	McArdell	amcardell2y@delicious.com	Female	223.20.17.86
108	Harry	Naisby	hnaisby2z@usnews.com	Male	101.160.41.170
109	Corrina	Liddon	cliddon30@apple.com	Female	236.0.129.156
110	Clem	Vlasov	cvlasov31@diigo.com	Male	133.221.96.240
111	Arty	Adlard	aadlard32@hubpages.com	Male	112.254.7.222
112	Andra	Defew	adefew33@go.com	Female	6.153.27.90
113	Chane	Barthelemy	cbarthelemy34@timesonline.co.uk	Male	21.63.162.19
114	Roger	Dopson	rdopson35@telegraph.co.uk	Male	36.133.250.179
115	Dell	Bee	dbee36@jimdo.com	Female	62.186.107.244
116	Delmore	Schuler	dschuler37@4shared.com	Male	26.111.51.252
117	Kynthia	Quarrington	kquarrington38@meetup.com	Female	176.179.154.132
118	Brigid	Saltrese	bsaltrese39@vinaora.com	Female	129.75.15.239
119	Edy	Bunston	ebunston3a@netlog.com	Female	88.79.156.146
120	Eli	Tookill	etookill3b@cyberchimps.com	Male	155.230.176.130
121	Roth	Beak	rbeak3c@harvard.edu	Male	233.238.145.88
122	Ignaz	Annetts	iannetts3d@house.gov	Male	91.33.179.17
123	Alfy	Di Franceshci	adifranceshci3e@live.com	Female	116.141.234.123
124	Wendall	Lesley	wlesley3f@diigo.com	Male	232.124.157.236
125	Ron	Parlour	rparlour3g@archive.org	Male	82.239.129.180
126	Bertrando	Vann	bvann3h@jalbum.net	Male	171.157.31.134
127	Malissa	Wyant	mwyant3i@nydailynews.com	Female	8.244.137.87
128	Lennie	Garrique	lgarrique3j@goodreads.com	Male	26.96.136.153
129	Mayor	Subhan	msubhan3k@census.gov	Male	231.170.57.255
130	Jacquetta	Adnet	jadnet3l@newsvine.com	Female	194.141.236.77
131	Simone	Giblin	sgiblin3m@4shared.com	Female	43.14.127.180
132	Jeana	Haggus	jhaggus3n@abc.net.au	Female	172.213.128.175
133	Ewell	Baldacco	ebaldacco3o@google.it	Male	163.85.82.149
134	Hyacinthia	Gask	hgask3p@miitbeian.gov.cn	Female	14.19.113.179
135	Creigh	Fransemai	cfransemai3q@delicious.com	Male	231.220.254.72
136	Nikolos	Creber	ncreber3r@cafepress.com	Male	230.158.22.244
137	Yule	Robardet	yrobardet3s@macromedia.com	Male	180.208.46.42
138	Alexandro	Chittleburgh	achittleburgh3t@va.gov	Male	184.240.55.175
139	Gearard	Scain	gscain3u@salon.com	Male	2.129.222.165
140	Betti	Waistall	bwaistall3v@nih.gov	Female	63.136.107.28
141	Rakel	McDougall	rmcdougall3w@smh.com.au	Female	214.216.225.197
142	Neil	Gue	ngue3x@sitemeter.com	Male	21.236.70.238
143	Schuyler	Keay	skeay3y@about.me	Male	124.18.165.140
144	Lanna	Baroux	lbaroux3z@goo.ne.jp	Female	12.147.130.216
145	Kissiah	Piggot	kpiggot40@so-net.ne.jp	Female	198.80.232.238
146	Kelsi	Argue	kargue41@yahoo.com	Female	128.89.37.3
147	Alasteir	Lathbury	alathbury42@sourceforge.net	Male	34.52.93.164
148	Auroora	Loudyan	aloudyan43@sohu.com	Female	176.239.12.152
149	Justen	Hartopp	jhartopp44@pen.io	Male	141.38.44.68
150	Israel	Baldetti	ibaldetti45@ebay.co.uk	Male	33.229.66.99
151	Carline	Arboine	carboine46@ft.com	Female	34.243.222.120
152	Lin	Gilbody	lgilbody47@1688.com	Female	5.193.86.10
153	Joli	Peppard	jpeppard48@cbsnews.com	Female	7.10.136.206
154	Franklyn	Grieveson	fgrieveson49@toplist.cz	Male	106.245.126.191
155	Suzanna	Guillain	sguillain4a@g.co	Female	206.79.161.182
156	Kristine	Zoane	kzoane4b@phpbb.com	Female	135.102.236.31
157	Berte	Insull	binsull4c@soundcloud.com	Female	100.173.11.130
158	Breena	Loxdale	bloxdale4d@google.com.br	Female	91.160.133.39
159	Jerry	Wellum	jwellum4e@google.fr	Male	214.173.242.1
160	Bev	Cheeke	bcheeke4f@theguardian.com	Male	13.14.185.12
161	Ninette	Mac	nmac4g@ustream.tv	Female	40.77.119.182
162	Meta	Savidge	msavidge4h@fc2.com	Female	216.58.247.172
163	Dorolice	Cloute	dcloute4i@dyndns.org	Female	5.122.97.151
164	Rhodie	Kryszkiecicz	rkryszkiecicz4j@nyu.edu	Female	33.190.156.116
165	Debby	Camplen	dcamplen4k@bloglovin.com	Female	96.178.134.25
166	Herby	Fedynski	hfedynski4l@mail.ru	Male	152.65.254.144
167	Gawain	MacAdie	gmacadie4m@bloglovin.com	Male	42.194.37.107
168	Corilla	Hitscher	chitscher4n@alexa.com	Female	181.57.5.30
169	Der	Brower	dbrower4o@europa.eu	Male	233.95.161.8
170	Alejoa	Bunn	abunn4p@tumblr.com	Male	101.231.119.184
171	Leann	Luckcock	lluckcock4q@tuttocitta.it	Female	143.14.201.202
172	Harlen	Gammidge	hgammidge4r@bluehost.com	Male	236.86.193.69
173	Gill	Cradock	gcradock4s@icio.us	Female	170.42.235.86
174	Aurea	Dawid	adawid4t@ezinearticles.com	Female	254.158.160.55
175	Barnebas	Hinckesman	bhinckesman4u@macromedia.com	Male	141.109.67.83
176	Louise	Andreev	landreev4v@utexas.edu	Female	53.1.55.184
177	Sheba	Vick	svick4w@t.co	Female	0.34.99.62
178	Fredericka	Sanday	fsanday4x@accuweather.com	Female	163.151.198.196
179	Sheffie	Leggen	sleggen4y@earthlink.net	Male	172.211.238.250
180	Nicky	Durak	ndurak4z@globo.com	Female	162.1.14.212
181	Rollins	Conrard	rconrard50@ihg.com	Male	84.205.93.17
182	Kyle	Clampton	kclampton51@virginia.edu	Male	35.94.160.94
183	Hildegaard	Hansman	hhansman52@cbc.ca	Female	182.66.31.87
184	Guthry	Hassur	ghassur53@redcross.org	Male	222.70.188.236
185	Kendra	Hurren	khurren54@dropbox.com	Female	183.182.74.28
186	Fransisco	Innerstone	finnerstone55@wired.com	Male	24.163.139.181
187	Lilla	Wasielewicz	lwasielewicz56@webnode.com	Female	132.22.232.134
188	Kenton	Elwel	kelwel57@networkadvertising.org	Male	126.147.230.9
189	Ediva	Kleinber	ekleinber58@issuu.com	Female	56.186.237.134
190	Morse	Hurnell	mhurnell59@instagram.com	Male	80.164.121.226
191	Marget	Newbegin	mnewbegin5a@list-manage.com	Female	159.106.225.88
192	Enid	Kolis	ekolis5b@reddit.com	Female	57.12.177.2
193	Abeu	Canlin	acanlin5c@dropbox.com	Male	130.48.196.123
194	Ingrid	Andri	iandri5d@flickr.com	Female	64.62.121.39
195	Vere	Featherstone	vfeatherstone5e@tiny.cc	Female	237.208.102.84
196	Ruddy	Dugget	rdugget5f@whitehouse.gov	Male	206.142.11.112
197	Kaia	Allston	kallston5g@java.com	Female	81.183.85.100
198	Addison	Blowick	ablowick5h@sitemeter.com	Male	77.148.173.5
199	Baron	Bendall	bbendall5i@bigcartel.com	Male	239.233.253.165
200	Trisha	Yepiskopov	tyepiskopov5j@sun.com	Female	58.200.72.186
201	Jaine	Noir	jnoir5k@histats.com	Female	241.105.34.116
202	Averill	Thorius	athorius5l@latimes.com	Male	249.31.171.226
203	Granger	Ianinotti	gianinotti5m@about.me	Male	240.104.244.118
204	Belita	Kleingrub	bkleingrub5n@com.com	Female	218.146.246.140
205	Ivor	Lantiffe	ilantiffe5o@histats.com	Male	205.109.172.61
206	Francklyn	Aubery	faubery5p@blog.com	Male	209.227.34.173
207	Eddy	Tregidga	etregidga5q@marriott.com	Male	46.208.32.186
208	Clim	Moreinis	cmoreinis5r@gov.uk	Male	94.192.124.203
209	Hunfredo	Dodshon	hdodshon5s@domainmarket.com	Male	60.61.138.59
210	Shannen	Musselwhite	smusselwhite5t@soup.io	Female	200.246.251.144
211	Sharron	Grimolbie	sgrimolbie5u@dailymotion.com	Female	121.246.89.73
212	Grazia	Mowling	gmowling5v@51.la	Female	226.168.235.204
213	Zolly	Klesel	zklesel5w@opera.com	Male	95.53.65.183
214	Thelma	Daws	tdaws5x@devhub.com	Female	7.225.227.60
215	Wood	Morrill	wmorrill5y@vk.com	Male	139.116.153.154
216	Domingo	Attock	dattock5z@netvibes.com	Male	42.178.119.119
217	Ross	Road	rroad60@accuweather.com	Male	98.46.97.67
218	Colin	Morriarty	cmorriarty61@cargocollective.com	Male	15.90.32.149
219	Margette	Tumelty	mtumelty62@microsoft.com	Female	104.20.119.104
220	Ev	Hullbrook	ehullbrook63@dropbox.com	Male	33.247.151.244
221	Agosto	Boyat	aboyat64@cocolog-nifty.com	Male	134.70.57.59
222	Verene	McIlory	vmcilory65@fotki.com	Female	30.19.254.142
223	Yanaton	Beldam	ybeldam66@facebook.com	Male	10.56.120.56
224	Skylar	Sillett	ssillett67@google.de	Male	52.72.145.59
225	Seth	Strickland	sstrickland68@craigslist.org	Male	181.171.65.50
226	Jud	Storres	jstorres69@craigslist.org	Male	205.219.12.245
227	Eolanda	Kewish	ekewish6a@senate.gov	Female	233.182.48.72
228	Alexander	Roo	aroo6b@theguardian.com	Male	128.18.69.118
229	Everett	Swaton	eswaton6c@woothemes.com	Male	143.170.176.130
230	Zena	Dunaway	zdunaway6d@example.com	Female	207.223.58.71
231	Gardiner	Kirlin	gkirlin6e@bloglovin.com	Male	30.5.112.146
232	Nico	Gillani	ngillani6f@surveymonkey.com	Male	61.172.249.205
233	Tanney	Lamden	tlamden6g@phoca.cz	Male	170.136.108.111
234	Seumas	Clements	sclements6h@wikia.com	Male	13.6.168.58
235	Merrill	Lage	mlage6i@abc.net.au	Male	31.139.220.22
236	Isobel	Looks	ilooks6j@flavors.me	Female	19.247.210.56
237	Carey	Tilsley	ctilsley6k@huffingtonpost.com	Female	170.115.177.232
238	Orlan	Belden	obelden6l@youtube.com	Male	33.139.158.105
239	Jacklin	Snow	jsnow6m@dell.com	Female	71.71.217.171
240	Nicoline	Hadlington	nhadlington6n@msn.com	Female	252.31.153.204
241	Shell	Turville	sturville6o@nifty.com	Male	38.96.238.227
242	Kelci	Kingston	kkingston6p@dell.com	Female	243.24.25.61
243	Zorina	Coppard	zcoppard6q@nsw.gov.au	Female	130.208.42.8
244	Marlow	Krolak	mkrolak6r@nba.com	Male	92.98.206.36
245	Kev	Harrington	kharrington6s@yellowbook.com	Male	143.28.59.236
246	Carilyn	Dyka	cdyka6t@google.com.hk	Female	213.182.177.187
247	Barbette	Carlton	bcarlton6u@gmpg.org	Female	167.32.253.154
248	Armando	Lloyd	alloyd6v@imageshack.us	Male	121.214.226.32
249	Kane	Grenfell	kgrenfell6w@fema.gov	Male	50.130.209.183
250	Keary	Barker	kbarker6x@vkontakte.ru	Male	111.87.246.39
251	Obed	Siveter	osiveter6y@narod.ru	Male	27.87.17.127
252	Janaya	Heijnen	jheijnen6z@wunderground.com	Female	90.18.165.248
253	Quintina	Hartburn	qhartburn70@oakley.com	Female	229.34.42.56
254	Francklyn	Crichley	fcrichley71@mail.ru	Male	5.220.140.142
255	Gretta	Wharf	gwharf72@yelp.com	Female	126.210.49.63
256	Andy	McCandie	amccandie73@vkontakte.ru	Male	78.37.244.113
257	Cathlene	Feenan	cfeenan74@amazon.com	Female	140.85.245.131
258	Osborn	Poker	opoker75@arizona.edu	Male	217.237.187.140
259	Aland	Hurrion	ahurrion76@hud.gov	Male	175.244.23.79
260	Lydia	Arundel	larundel77@hibu.com	Female	88.188.127.107
261	Morton	Jackling	mjackling78@macromedia.com	Male	241.11.158.72
262	Zerk	Capinetti	zcapinetti79@reference.com	Male	40.73.150.240
263	Kandace	Livard	klivard7a@techcrunch.com	Female	48.130.16.175
264	Luci	Meaney	lmeaney7b@istockphoto.com	Female	77.48.200.50
265	Ewan	Castilljo	ecastilljo7c@statcounter.com	Male	236.136.125.232
266	Phoebe	Aspden	paspden7d@acquirethisname.com	Female	175.111.141.42
267	Agretha	Thackray	athackray7e@netlog.com	Female	90.55.205.20
268	Arlana	Duffell	aduffell7f@prnewswire.com	Female	179.162.234.218
269	Elvis	Pickless	epickless7g@constantcontact.com	Male	159.66.222.255
270	Guenna	Marjanovic	gmarjanovic7h@mtv.com	Female	79.171.14.161
271	Ronalda	Doige	rdoige7i@google.co.uk	Female	70.95.12.186
272	Giacomo	Dightham	gdightham7j@admin.ch	Male	67.244.111.218
273	Alexa	Gilardoni	agilardoni7k@liveinternet.ru	Female	26.131.50.254
274	Mariam	Chippin	mchippin7l@cafepress.com	Female	16.62.103.105
275	Gillian	Jolliffe	gjolliffe7m@live.com	Female	5.45.189.21
276	Becca	Petru	bpetru7n@unesco.org	Female	168.180.171.156
277	Spencer	Scullard	sscullard7o@webnode.com	Male	201.8.129.103
278	Thacher	Vaugham	tvaugham7p@prnewswire.com	Male	176.209.164.124
279	Manya	Weeds	mweeds7q@lycos.com	Female	228.114.102.58
280	Twyla	Boriston	tboriston7r@princeton.edu	Female	203.88.60.217
281	Banky	Izzett	bizzett7s@cam.ac.uk	Male	22.227.251.212
282	Conroy	Schlagtmans	cschlagtmans7t@pinterest.com	Male	56.156.54.188
283	Johny	Spandley	jspandley7u@mit.edu	Male	182.86.198.54
284	Oliver	Caen	ocaen7v@google.com.hk	Male	244.171.100.167
285	Earvin	Orts	eorts7w@cafepress.com	Male	83.172.194.139
286	Colette	Jefford	cjefford7x@columbia.edu	Female	204.170.244.80
287	Rocky	Mandifield	rmandifield7y@domainmarket.com	Male	49.96.81.113
288	Nani	Strong	nstrong7z@typepad.com	Female	10.70.163.157
289	Geordie	Grzes	ggrzes80@xinhuanet.com	Male	224.54.10.175
290	Maiga	De Anesy	mdeanesy81@ihg.com	Female	238.201.31.172
291	Hally	Paulitschke	hpaulitschke82@hatena.ne.jp	Female	205.23.6.19
292	Mose	Noulton	mnoulton83@reuters.com	Male	161.105.63.172
293	Portia	Ayre	payre84@walmart.com	Female	212.26.165.149
294	Andris	Seide	aseide85@weebly.com	Male	163.176.208.212
295	Gayel	Hazell	ghazell86@1688.com	Female	164.168.124.237
296	Rosalind	Hurrell	rhurrell87@bandcamp.com	Female	30.194.203.102
297	Margo	Swalteridge	mswalteridge88@cloudflare.com	Female	8.161.21.86
298	Llywellyn	Fleet	lfleet89@merriam-webster.com	Male	53.249.4.229
299	Caspar	Kedie	ckedie8a@paypal.com	Male	3.223.53.255
300	Latrena	Guarnier	lguarnier8b@google.com.br	Female	135.235.165.129
301	Derby	Eliasen	deliasen8c@thetimes.co.uk	Male	248.121.240.224
302	Imelda	Nelthropp	inelthropp8d@jugem.jp	Female	166.151.3.155
303	Fransisco	Drayson	fdrayson8e@godaddy.com	Male	212.47.135.196
304	Rozelle	Fensome	rfensome8f@sphinn.com	Female	227.44.116.80
305	Francklyn	Trinder	ftrinder8g@economist.com	Male	58.2.196.147
306	Cordy	Aslen	caslen8h@google.de	Female	154.35.53.87
307	Oran	Rattray	orattray8i@meetup.com	Male	8.50.231.160
308	Alethea	Bowie	abowie8j@prweb.com	Female	44.84.50.197
309	Kellia	Lowle	klowle8k@shutterfly.com	Female	99.128.136.33
310	Garwood	Scrivner	gscrivner8l@usda.gov	Male	212.154.241.144
311	Marcel	Kristoffersen	mkristoffersen8m@baidu.com	Male	135.205.101.169
312	Delphinia	Schrir	dschrir8n@github.com	Female	220.158.11.78
313	Norby	Dobsons	ndobsons8o@dot.gov	Male	63.223.48.255
314	Claire	Streatfeild	cstreatfeild8p@mysql.com	Female	78.201.22.120
315	Libbi	Grimsley	lgrimsley8q@google.co.uk	Female	134.144.156.106
316	Cristie	Richardson	crichardson8r@so-net.ne.jp	Female	130.110.230.70
317	Dwayne	Calf	dcalf8s@craigslist.org	Male	211.229.141.204
318	Carver	Maddison	cmaddison8t@telegraph.co.uk	Male	96.31.215.42
319	Benji	Cheale	bcheale8u@sourceforge.net	Male	63.247.126.78
320	Roanne	Leggate	rleggate8v@facebook.com	Female	138.206.249.220
321	Charlie	Swatten	cswatten8w@ted.com	Male	116.100.121.198
322	Garvy	Ogborn	gogborn8x@barnesandnoble.com	Male	179.246.214.12
323	Janene	Knifton	jknifton8y@marketwatch.com	Female	192.179.228.96
324	Mellicent	Fish	mfish8z@google.ru	Female	135.214.43.170
325	Kassey	Braferton	kbraferton90@smh.com.au	Female	184.233.218.205
326	Bernie	Duval	bduval91@usgs.gov	Female	44.55.84.156
327	Jewelle	Foyle	jfoyle92@ted.com	Female	244.125.96.77
328	Cariotta	Kenworthey	ckenworthey93@cnet.com	Female	152.197.202.233
329	Norrie	Chastney	nchastney94@nih.gov	Female	30.179.164.7
330	Deonne	Coase	dcoase95@macromedia.com	Female	217.184.157.244
331	Marrilee	Sans	msans96@angelfire.com	Female	8.158.149.136
332	Mareah	Rubery	mrubery97@forbes.com	Female	21.247.67.75
333	Nita	De Benedetti	ndebenedetti98@marketwatch.com	Female	246.136.49.35
334	Flynn	Bartozzi	fbartozzi99@icio.us	Male	75.115.67.157
335	Boniface	Tire	btire9a@drupal.org	Male	131.215.140.37
336	Ky	Overington	koverington9b@chronoengine.com	Male	65.8.172.130
337	Marvin	Sheehan	msheehan9c@census.gov	Male	52.140.93.167
338	Isac	Maddrah	imaddrah9d@goo.ne.jp	Male	103.47.195.68
339	Viviana	Ruff	vruff9e@mail.ru	Female	155.155.254.238
340	Jaquelyn	Goulder	jgoulder9f@netlog.com	Female	148.105.195.13
341	Jocelyne	Le Gallo	jlegallo9g@w3.org	Female	150.33.178.214
342	Poul	Bamber	pbamber9h@ihg.com	Male	107.241.220.68
343	Oren	Trowsdale	otrowsdale9i@oaic.gov.au	Male	203.24.92.208
344	Edan	Silverstone	esilverstone9j@tiny.cc	Male	72.128.243.69
345	Florentia	Haberfield	fhaberfield9k@europa.eu	Female	70.136.180.174
346	Cristen	Gebby	cgebby9l@nydailynews.com	Female	79.160.100.40
347	Wilow	McKevin	wmckevin9m@economist.com	Female	119.160.43.54
348	Palm	Bohlje	pbohlje9n@yelp.com	Male	27.135.76.30
349	Osborn	Keyson	okeyson9o@rambler.ru	Male	215.15.32.25
350	Tish	Charlotte	tcharlotte9p@g.co	Female	17.115.5.231
351	Ansel	Creasey	acreasey9q@ameblo.jp	Male	2.57.93.20
352	Hubey	Jakeway	hjakeway9r@themeforest.net	Male	54.57.207.71
353	Mikey	Rottcher	mrottcher9s@globo.com	Male	172.197.147.181
354	Shawna	Keohane	skeohane9t@senate.gov	Female	210.70.220.94
355	Seline	Sprigings	ssprigings9u@bloglovin.com	Female	45.67.253.90
356	Lefty	Rotchell	lrotchell9v@toplist.cz	Male	111.81.61.67
357	Steve	MacKain	smackain9w@hugedomains.com	Male	227.200.231.94
358	Cybil	Westfield	cwestfield9x@state.gov	Female	231.194.203.73
359	Edmon	Brugsma	ebrugsma9y@seesaa.net	Male	150.107.64.193
360	Erl	Lamonby	elamonby9z@behance.net	Male	86.193.150.64
361	Davin	Gascoyne	dgascoynea0@harvard.edu	Male	200.209.157.52
362	Padraic	Capey	pcapeya1@weibo.com	Male	83.80.216.197
363	Ferd	Saggs	fsaggsa2@ovh.net	Male	61.21.74.231
364	Keri	Backes	kbackesa3@cpanel.net	Female	114.179.228.174
365	Cliff	Husband	chusbanda4@cloudflare.com	Male	94.244.147.9
366	Hedvig	Trayton	htraytona5@ihg.com	Female	113.83.77.239
367	Merrick	Vidgen	mvidgena6@people.com.cn	Male	77.204.179.17
368	Kurtis	Tocqueville	ktocquevillea7@prnewswire.com	Male	121.187.221.82
369	Denney	Morrieson	dmorriesona8@quantcast.com	Male	233.78.116.153
370	Giacinta	Bodsworth	gbodswortha9@biblegateway.com	Female	53.255.146.227
371	Moshe	O'Fogerty	mofogertyaa@opera.com	Male	137.83.144.68
372	Luella	Parman	lparmanab@archive.org	Female	183.54.169.30
373	Ranice	Casellas	rcasellasac@com.com	Female	34.130.113.97
374	Deloris	Gatecliffe	dgatecliffead@mapy.cz	Female	70.96.122.49
375	Ailina	Cluet	acluetae@who.int	Female	53.197.221.100
376	Archambault	Schultze	aschultzeaf@360.cn	Male	238.195.112.140
377	Diane	Rumsby	drumsbyag@linkedin.com	Female	249.249.214.200
378	Henrik	Gallienne	hgallienneah@yahoo.com	Male	77.139.224.218
379	Fairleigh	Colbrun	fcolbrunai@gnu.org	Male	88.171.192.173
380	Pearce	Beckmann	pbeckmannaj@youku.com	Male	72.50.65.35
381	Lilas	Juleff	ljuleffak@nature.com	Female	85.143.124.222
382	Vittoria	Dominighi	vdominighial@sina.com.cn	Female	27.165.149.244
383	Field	Shoebottom	fshoebottomam@icq.com	Male	227.28.212.7
384	Joel	Oggers	joggersan@istockphoto.com	Male	114.219.191.32
385	Dani	Coleby	dcolebyao@smugmug.com	Male	188.249.153.227
386	Patton	Tregunnah	ptregunnahap@a8.net	Male	1.47.180.239
387	Zia	Plain	zplainaq@ask.com	Female	200.241.138.25
388	Elden	Kordovani	ekordovaniar@ameblo.jp	Male	227.237.81.186
389	Fred	Nicely	fnicelyas@sina.com.cn	Female	186.180.7.188
390	Caresa	Krout	ckroutat@intel.com	Female	162.101.22.74
391	Giffer	Rennix	grennixau@fema.gov	Male	38.28.154.85
392	Ninnette	Trevna	ntrevnaav@ihg.com	Female	45.241.108.200
393	Hope	Sent	hsentaw@newyorker.com	Female	213.149.231.225
394	Cloris	Woolforde	cwoolfordeax@rakuten.co.jp	Female	253.193.162.6
395	Rosabella	Blackhall	rblackhallay@home.pl	Female	19.95.37.9
396	Pietra	Fleote	pfleoteaz@paginegialle.it	Female	53.197.29.151
397	Blinni	Hallatt	bhallattb0@hud.gov	Female	114.73.210.78
398	Berta	Durran	bdurranb1@canalblog.com	Female	207.36.232.244
399	Goober	Crowley	gcrowleyb2@bigcartel.com	Male	244.23.78.20
400	Alonzo	Feaviour	afeaviourb3@weebly.com	Male	39.14.49.127
401	Sigismondo	Vanin	svaninb4@cyberchimps.com	Male	244.63.247.65
402	Buffy	Bleything	bbleythingb5@umich.edu	Female	34.249.125.180
403	Sabine	Galletly	sgalletlyb6@shutterfly.com	Female	136.39.147.188
404	Malanie	Goldsmith	mgoldsmithb7@dropbox.com	Female	96.191.9.84
405	Riccardo	Athowe	rathoweb8@census.gov	Male	194.155.84.171
406	Edan	Leroy	eleroyb9@t-online.de	Male	164.227.211.90
407	Ines	Cotman	icotmanba@merriam-webster.com	Female	232.241.10.71
408	Chrissy	Haythornthwaite	chaythornthwaitebb@chron.com	Male	213.168.29.169
409	Clerkclaude	Lucchi	clucchibc@angelfire.com	Male	117.209.190.199
410	Pepe	Kennewell	pkennewellbd@uiuc.edu	Male	182.98.159.214
411	Timothee	Donald	tdonaldbe@indiegogo.com	Male	195.244.159.248
412	Herrick	Beavers	hbeaversbf@army.mil	Male	22.244.244.181
413	Sinclare	McCaskell	smccaskellbg@guardian.co.uk	Male	109.117.165.43
414	Caty	Goligher	cgoligherbh@tumblr.com	Female	3.196.26.76
415	Gaven	Sturzaker	gsturzakerbi@illinois.edu	Male	161.125.97.196
416	Kalvin	Riediger	kriedigerbj@t-online.de	Male	202.3.204.210
417	Denis	Ranaghan	dranaghanbk@kickstarter.com	Male	183.228.80.184
418	Merle	Stanaway	mstanawaybl@tinypic.com	Female	159.152.229.6
419	Vivienne	Vittel	vvittelbm@histats.com	Female	232.101.136.128
420	Grange	Walsham	gwalshambn@paginegialle.it	Male	234.223.226.122
421	Lin	Dorn	ldornbo@devhub.com	Male	47.41.255.242
422	Jane	McKeller	jmckellerbp@hc360.com	Female	99.86.43.247
423	Kelila	Wynett	kwynettbq@google.de	Female	114.254.62.2
424	Bartolemo	Reasce	breascebr@msn.com	Male	90.1.88.51
425	Brandtr	Paddison	bpaddisonbs@auda.org.au	Male	17.109.67.129
426	Ricki	Lorenzini	rlorenzinibt@addthis.com	Female	179.141.222.78
427	Wally	Crotch	wcrotchbu@wikimedia.org	Female	103.173.255.8
428	Nara	Walter	nwalterbv@geocities.com	Female	127.17.162.238
429	Pyotr	Marke	pmarkebw@weibo.com	Male	112.83.235.244
430	Christoph	Filippyev	cfilippyevbx@i2i.jp	Male	10.157.152.19
431	Kandace	Perez	kperezby@google.ru	Female	8.111.187.157
432	Park	Getley	pgetleybz@cyberchimps.com	Male	162.245.19.161
433	Melvyn	McGahey	mmcgaheyc0@storify.com	Male	163.162.67.159
434	Ema	Ashall	eashallc1@addthis.com	Female	137.29.185.12
435	Thaxter	Cobb	tcobbc2@flickr.com	Male	211.131.67.200
436	Janella	Jervois	jjervoisc3@cbslocal.com	Female	92.147.183.179
437	Amalea	Illes	aillesc4@miibeian.gov.cn	Female	191.144.185.5
438	Jaclyn	Streak	jstreakc5@reference.com	Female	230.17.152.175
439	Leland	Skim	lskimc6@sina.com.cn	Male	46.177.42.85
440	Michale	Firks	mfirksc7@usnews.com	Male	194.84.192.22
441	Thomasin	Stollenbeck	tstollenbeckc8@clickbank.net	Female	106.92.231.149
442	Ag	Wyatt	awyattc9@comcast.net	Female	199.203.209.38
443	Carolyn	Tarbett	ctarbettca@yale.edu	Female	121.9.173.65
444	Ddene	Cluderay	dcluderaycb@nhs.uk	Female	38.244.147.11
445	Beck	Wrought	bwroughtcc@lulu.com	Male	200.98.115.164
446	Lew	Ribbon	lribboncd@microsoft.com	Male	115.62.43.53
447	Benedikta	Stuehmeyer	bstuehmeyerce@alibaba.com	Female	174.149.171.166
448	Kissie	Ellcock	kellcockcf@dropbox.com	Female	140.102.59.11
449	Shawnee	Magee	smageecg@engadget.com	Female	196.232.142.95
450	Molly	Agott	magottch@hostgator.com	Female	91.195.116.56
451	Conway	Henric	chenricci@xinhuanet.com	Male	234.5.178.62
452	Tannie	Chestnut	tchestnutcj@netvibes.com	Male	204.46.68.89
453	Retha	Austen	raustenck@bbc.co.uk	Female	32.82.175.201
454	Jo	Jervis	jjerviscl@mapy.cz	Male	214.177.217.32
455	Fidelio	Pendrid	fpendridcm@myspace.com	Male	210.46.142.98
456	Jenelle	Tenny	jtennycn@joomla.org	Female	68.115.76.141
457	Bendick	Gieraths	bgierathsco@list-manage.com	Male	126.84.190.2
458	Jasmine	Hayller	jhayllercp@abc.net.au	Female	227.218.209.146
459	Ermanno	Briscoe	ebriscoecq@businessinsider.com	Male	131.21.25.70
460	Perla	Bilbrooke	pbilbrookecr@creativecommons.org	Female	198.182.213.168
461	Iseabal	Luetkemeyers	iluetkemeyerscs@businessinsider.com	Female	44.85.203.49
462	Rainer	Brignall	rbrignallct@shop-pro.jp	Male	33.148.75.120
463	Cecilla	Hupka	chupkacu@washington.edu	Female	10.234.172.121
464	Robin	Habershaw	rhabershawcv@guardian.co.uk	Female	236.138.2.107
465	Sharline	Linder	slindercw@myspace.com	Female	12.225.175.203
466	Matty	Rojahn	mrojahncx@bloomberg.com	Male	174.107.132.156
467	Kellby	Korf	kkorfcy@engadget.com	Male	189.180.207.110
468	Anna-maria	Bilbey	abilbeycz@wikia.com	Female	216.126.24.152
469	Nelli	Clymer	nclymerd0@lycos.com	Female	137.24.58.36
470	Galven	D'Onise	gdonised1@blog.com	Male	143.220.126.164
471	Eberhard	Laviss	elavissd2@plala.or.jp	Male	96.63.66.150
472	Konrad	Hursey	khurseyd3@360.cn	Male	131.133.81.143
473	Merrilee	Loweth	mlowethd4@ucsd.edu	Female	120.132.103.62
474	Melamie	Mabe	mmabed5@mac.com	Female	37.143.150.63
475	Reilly	Thyer	rthyerd6@devhub.com	Male	55.194.221.221
476	Pansy	Kitteringham	pkitteringhamd7@microsoft.com	Female	26.127.70.198
477	Harris	McGavin	hmcgavind8@nhs.uk	Male	80.161.233.161
478	Welby	Simmings	wsimmingsd9@cpanel.net	Male	132.174.67.91
479	Milton	Braunston	mbraunstonda@plala.or.jp	Male	201.208.1.67
480	Shandy	Lukianovich	slukianovichdb@nifty.com	Female	82.158.222.96
481	Shandra	Guillet	sguilletdc@blinklist.com	Female	192.242.250.82
482	Haven	Sendall	hsendalldd@marriott.com	Male	116.172.231.217
483	Delmer	Paolucci	dpaoluccide@multiply.com	Male	141.124.244.253
484	Klarika	Chisman	kchismandf@yellowpages.com	Female	153.100.4.90
485	Agata	Postan	apostandg@census.gov	Female	192.252.120.138
486	Osbourn	Cottey	ocotteydh@merriam-webster.com	Male	211.76.248.91
487	Estelle	Capewell	ecapewelldi@digg.com	Female	31.128.185.182
488	Kincaid	Martello	kmartellodj@nasa.gov	Male	133.199.57.171
489	Rockwell	Clutton	rcluttondk@nps.gov	Male	171.190.230.122
490	Ennis	Benditt	ebendittdl@wikia.com	Male	13.134.133.189
491	Agathe	Bartolozzi	abartolozzidm@japanpost.jp	Female	171.149.212.223
492	Katlin	McKeachie	kmckeachiedn@wikispaces.com	Female	206.136.69.178
493	Luce	Normanvill	lnormanvilldo@fastcompany.com	Female	100.214.240.54
494	Rabbi	Mithon	rmithondp@bloomberg.com	Male	137.63.75.30
495	Vicky	Raymont	vraymontdq@baidu.com	Female	218.168.137.211
496	Lucias	Coney	lconeydr@sfgate.com	Male	194.34.244.105
497	Shandy	Goodger	sgoodgerds@china.com.cn	Female	184.148.180.132
498	Alysia	Roycroft	aroycroftdt@pagesperso-orange.fr	Female	4.4.89.114
499	Jose	Shergill	jshergilldu@webs.com	Male	56.36.123.23
500	Noella	Quartley	nquartleydv@mac.com	Female	109.210.72.107
